efta,page,file,bytes,sha256
EFTA00706624,1,03_rendered_pages/EFTA00706624-1.png,619959,c5459d37b7ad7c9c5e422b1b15f438114d5e06d9d91b9fd886da1e4dc85bce9f
EFTA00706624,2,03_rendered_pages/EFTA00706624-2.png,709492,78390477b737b8db6b24722a92e17a87761c8ee7dc89ce4096e7d8c3a624015d
EFTA00706624,3,03_rendered_pages/EFTA00706624-3.png,719880,0ee9dcbfa7bfd83cdbf361c09899baeceee48a9059a00449479f7553e3aebd9d
EFTA00706624,4,03_rendered_pages/EFTA00706624-4.png,304442,a59b71db4939f311e918193bc032ce1846bdd510d45fde33559c5d94028902d2
EFTA00973929,1,03_rendered_pages/EFTA00973929-1.png,900855,e6b842e4ab55aec252a2d3cf465aee74ec279fc35a9e747339be47715048ab2e
EFTA00973929,2,03_rendered_pages/EFTA00973929-2.png,799767,a49980a2c1e84dde7d5c930b7dc9a21bc2ef92a9a25d1ae712872ebc4eed8558
EFTA00973929,3,03_rendered_pages/EFTA00973929-3.png,20698,03cb6b1bd6dd0d309dee73d3723ade9478358f672878630464e3b764e7244f5e
EFTA00975619,1,03_rendered_pages/EFTA00975619-1.png,387736,95f4856c7f764b117bce8b67449d63539d7e407f9f49f1ce63e5001b2aec5e68
EFTA00975619,2,03_rendered_pages/EFTA00975619-2.png,597264,c4ebe69ae9d6ff36c8363c31ea16e07c75e30e833c9878a546107993c42d8eaa
EFTA00975619,3,03_rendered_pages/EFTA00975619-3.png,345681,7f0bdbbc6b61e0adbe10302fce3fe28b91dd2402662196cab2d7ab2549520b29
EFTA00990278,1,03_rendered_pages/EFTA00990278-1.png,366103,2bd3f914a4df8425103963c3b646663e94c3c83c49ec6c58e52aeeec8a3be8cf
EFTA00990278,2,03_rendered_pages/EFTA00990278-2.png,67848,dec5912944d86169ad665bacbc207dfe3234355f4410d08ab69b792ad48e1722
EFTA01756693,1,03_rendered_pages/EFTA01756693-1.png,508685,45da0d6f356c16fc592bce17cb6aef93f278ff99273016ccdae38fe9e2de7995
EFTA01756693,2,03_rendered_pages/EFTA01756693-2.png,611342,fc9964d06460196c223b867eb4c816d92e007319a253d133c1fd474f3e2205ff
EFTA01756693,3,03_rendered_pages/EFTA01756693-3.png,526764,c0f4e26aeefa5d3747ee3f338062adc0e89d9f4bc2ced56a30840c2b74ece216
EFTA01949241,1,03_rendered_pages/EFTA01949241-1.png,404034,cc494a197d3f557a6de247491557d69c5fa2d38698c8f4ef4b965f5c195f7665
EFTA01949241,2,03_rendered_pages/EFTA01949241-2.png,561953,e8f91a94b864329c07bbcdc9094d3a28d7da56c5183401c9dfcdffac5ff2116e
EFTA01949241,3,03_rendered_pages/EFTA01949241-3.png,73011,c6f5af82f37d0f93496b5d1b16227da6c94460deac4826a92f88ce0095b926ca
EFTA01963908,1,03_rendered_pages/EFTA01963908-1.png,438970,c5f7cdd404f3faa29eb480b92d8d356c1854546202ed2dc03cd3c051c5eec3ff
EFTA01963908,2,03_rendered_pages/EFTA01963908-2.png,310591,2d8f2e1439060910cc9fa75637370400c7a7d7fad0f092f2e8e24a4d3eda33a9
EFTA01963908,3,03_rendered_pages/EFTA01963908-3.png,418188,848742fb721e0c3694433448915f8a92d52521d2e5122bcd51438afc8a3d62d9
EFTA01963908,4,03_rendered_pages/EFTA01963908-4.png,506301,789303233cbdc9c79f858db4b508b8eddb7dcdbb530128fdf7786d07a66f1358
EFTA01963908,5,03_rendered_pages/EFTA01963908-5.png,574739,3e936d39fe33627b0a1ab8bcd01a7fc90301c730bd8f6ce44eff250dc56f0876
EFTA01963908,6,03_rendered_pages/EFTA01963908-6.png,56289,f1d7156c1e448791c40ef4ec0e2ac84ce2104552e347926b1ab2e81301c37886
EFTA01964053,1,03_rendered_pages/EFTA01964053-1.png,416145,cba99991117839f4a37afc1adfec6c8fb67175a9d205dc9cb64744f66887b002
EFTA01964053,2,03_rendered_pages/EFTA01964053-2.png,382602,c35a85349742ba16ef22fe697c847635bb8de4e22574102e0f4bd312fc754953
EFTA01964053,3,03_rendered_pages/EFTA01964053-3.png,373588,a597f370eaae809a892687d1b138c62f454152b442c1930ec5d062652b5097c2
EFTA01964053,4,03_rendered_pages/EFTA01964053-4.png,525509,006853667a7a62534f6446f81d5f2185c5878f104ffa07cd5eba74ea080d4ce5
EFTA01964053,5,03_rendered_pages/EFTA01964053-5.png,542188,8e487dd67a44379b02f5dea8aed0eb3ce2308c368fe45e71304a00e3a835dcf5
EFTA01964053,6,03_rendered_pages/EFTA01964053-6.png,316304,23f194ce7e9e4192447db2ee10ee8fb4990a1a17c2c5107a44fd169ebd1fd1e3
